{"cameraMode":{"drawMode":0,"name":"Shaded","section":"Shading Mode"},"sceneLighting":true,"audioPlay":false,"sceneViewState":{"showFog":true,"showMaterialUpdate":false,"showSkybox":true,"showFlares":true,"showImageEffects":true,"showParticleSystems":true},"in2DMode":false,"pivot":{"x":-12.446063995361329,"y":-17.054521560668947,"z":91.40708923339844},"rotation":{"x":-0.12805652618408204,"y":0.4834051728248596,"z":-0.07173003256320954,"w":-0.8630039095878601},"size":69.2486343383789,"orthographic":false}