{"cameraMode":{"drawMode":0,"name":"Shaded","section":"Shading Mode"},"sceneLighting":true,"audioPlay":false,"sceneViewState":{"showFog":true,"showMaterialUpdate":false,"showSkybox":true,"showFlares":true,"showImageEffects":true,"showParticleSystems":true},"in2DMode":false,"pivot":{"x":58.69001770019531,"y":6.2605977058410648,"z":143.56520080566407},"rotation":{"x":-0.21062490344047547,"y":-0.38433271646499636,"z":0.09052000939846039,"w":-0.8942772150039673},"size":2.9647834300994875,"orthographic":false}