{"cameraMode":{"drawMode":0,"name":"Shaded","section":"Shading Mode"},"sceneLighting":true,"audioPlay":false,"sceneViewState":{"showFog":true,"showMaterialUpdate":false,"showSkybox":true,"showFlares":true,"showImageEffects":true,"showParticleSystems":true},"in2DMode":false,"pivot":{"x":13.675067901611329,"y":0.0,"z":16.795602798461915},"rotation":{"x":-0.14305159449577332,"y":-0.4434334337711334,"z":0.07192957401275635,"w":-0.8818895816802979},"size":12.907723426818848,"orthographic":false}